load_id,load_type,target_object_id,direction,magnitude,load_curve_optional,distributed_area_optional,stage_activation,uncertainty_model_id_optional,measured_value_id_optional,metadata
LOAD_GRAVITY_ALL,GRAVITY_EQUIVALENT,ASM_ABCD,"[0,0,-1]",1.0,,,S_LOCATE_01;S_CLAMP_02;S_JOIN_03;S_RELEASE_04,UNC_GRAVITY,,"{""data_nature"":""SYNTHETIC_NUMERICAL_CONSISTENCY_CASE"",""engineering_claim_allowed"":false,""schema_version"":""V2.5"",""schema_revision"":""MULTI_PART_SERIAL_PARALLEL_2026-07""}"
LOAD_CLAMP_G_PANEL_RIB,CLAMP_FORCE,P_PANEL_A,"[0,0,-1]",25.0,RAMP_CLAMP,3000.0,S_CLAMP_02;S_JOIN_03,UNC_CLAMP,,"{""data_nature"":""SYNTHETIC_NUMERICAL_CONSISTENCY_CASE"",""engineering_claim_allowed"":false,""schema_version"":""V2.5"",""schema_revision"":""MULTI_PART_SERIAL_PARALLEL_2026-07""}"
LOAD_PRELOAD_G_PANEL_RIB,JOINT_PRELOAD,G_PANEL_RIB,"[0,0,-1]",15.0,RAMP_JOIN,,S_JOIN_03;S_RELEASE_04,UNC_PRELOAD,,"{""data_nature"":""SYNTHETIC_NUMERICAL_CONSISTENCY_CASE"",""engineering_claim_allowed"":false,""schema_version"":""V2.5"",""schema_revision"":""MULTI_PART_SERIAL_PARALLEL_2026-07""}"
LOAD_CLAMP_G_RIB_SPAR,CLAMP_FORCE,P_RIB_B,"[0,0,-1]",25.0,RAMP_CLAMP,3000.0,S_CLAMP_02;S_JOIN_03,UNC_CLAMP,,"{""data_nature"":""SYNTHETIC_NUMERICAL_CONSISTENCY_CASE"",""engineering_claim_allowed"":false,""schema_version"":""V2.5"",""schema_revision"":""MULTI_PART_SERIAL_PARALLEL_2026-07""}"
LOAD_PRELOAD_G_RIB_SPAR,JOINT_PRELOAD,G_RIB_SPAR,"[0,0,-1]",15.0,RAMP_JOIN,,S_JOIN_03;S_RELEASE_04,UNC_PRELOAD,,"{""data_nature"":""SYNTHETIC_NUMERICAL_CONSISTENCY_CASE"",""engineering_claim_allowed"":false,""schema_version"":""V2.5"",""schema_revision"":""MULTI_PART_SERIAL_PARALLEL_2026-07""}"
LOAD_CLAMP_G_PANEL_BRACKET,CLAMP_FORCE,P_SPAR_C,"[0,0,-1]",25.0,RAMP_CLAMP,3000.0,S_CLAMP_02;S_JOIN_03,UNC_CLAMP,,"{""data_nature"":""SYNTHETIC_NUMERICAL_CONSISTENCY_CASE"",""engineering_claim_allowed"":false,""schema_version"":""V2.5"",""schema_revision"":""MULTI_PART_SERIAL_PARALLEL_2026-07""}"
LOAD_PRELOAD_G_PANEL_BRACKET,JOINT_PRELOAD,G_PANEL_BRACKET,"[0,0,-1]",15.0,RAMP_JOIN,,S_JOIN_03;S_RELEASE_04,UNC_PRELOAD,,"{""data_nature"":""SYNTHETIC_NUMERICAL_CONSISTENCY_CASE"",""engineering_claim_allowed"":false,""schema_version"":""V2.5"",""schema_revision"":""MULTI_PART_SERIAL_PARALLEL_2026-07""}"
LOAD_CLAMP_G_RIB_BRACKET,CLAMP_FORCE,P_BRACKET_D,"[0,0,-1]",25.0,RAMP_CLAMP,3000.0,S_CLAMP_02;S_JOIN_03,UNC_CLAMP,,"{""data_nature"":""SYNTHETIC_NUMERICAL_CONSISTENCY_CASE"",""engineering_claim_allowed"":false,""schema_version"":""V2.5"",""schema_revision"":""MULTI_PART_SERIAL_PARALLEL_2026-07""}"
LOAD_PRELOAD_G_RIB_BRACKET,JOINT_PRELOAD,G_RIB_BRACKET,"[0,0,-1]",15.0,RAMP_JOIN,,S_JOIN_03;S_RELEASE_04,UNC_PRELOAD,,"{""data_nature"":""SYNTHETIC_NUMERICAL_CONSISTENCY_CASE"",""engineering_claim_allowed"":false,""schema_version"":""V2.5"",""schema_revision"":""MULTI_PART_SERIAL_PARALLEL_2026-07""}"
