candidate_id,local_index,x_i0,y_i0,area_weight,nominal_gap_mm,sms_component_mm,g0_mm,Cn_local_diag_mm_per_N,u_free_S_LOCATE_01_mm,W_struct_diag_S_LOCATE_01_mm_per_N,u_free_S_CLAMP_02_mm,W_struct_diag_S_CLAMP_02_mm_per_N,u_free_S_JOIN_03_mm,W_struct_diag_S_JOIN_03_mm_per_N,u_free_S_RELEASE_04_mm,W_struct_diag_S_RELEASE_04_mm_per_N,说明
M01,0,180.0,-20.0,900.0,0.05,-0.01,0.04,0.00016,0.014,0.00043248166560928445,0.048,0.0004024816656092845,0.058,0.0003824816656092845,0.03,0.0004224816656092845,可手动改 nominal_gap/sms_component/u_free/Cn/W_diag；改完运行 tools/rebuild_npz_from_manual_input.py 更新矩阵包
M02,1,180.0,0.0,900.0,0.05,-0.015,0.035,0.00016,0.016,0.00044114756846944683,0.055,0.00041114756846944686,0.066,0.00039114756846944686,0.035,0.00043114756846944686,可手动改 nominal_gap/sms_component/u_free/Cn/W_diag；改完运行 tools/rebuild_npz_from_manual_input.py 更新矩阵包
M03,2,180.0,20.0,900.0,0.05,-0.011,0.03900000000000001,0.00016,0.014,0.0004324816656092844,0.049,0.00040248166560928443,0.06,0.00038248166560928443,0.031,0.00042248166560928443,可手动改 nominal_gap/sms_component/u_free/Cn/W_diag；改完运行 tools/rebuild_npz_from_manual_input.py 更新矩阵包
M04,3,200.0,-20.0,900.0,0.05,-0.022,0.028000000000000004,0.00016,0.019,0.00044114756846944683,0.064,0.00041114756846944686,0.076,0.00039114756846944686,0.039,0.00043114756846944686,可手动改 nominal_gap/sms_component/u_free/Cn/W_diag；改完运行 tools/rebuild_npz_from_manual_input.py 更新矩阵包
M05,4,200.0,0.0,900.0,0.05,-0.04,0.010000000000000002,0.00016,0.022,0.0004514667660296237,0.075,0.00042146676602962375,0.092,0.00040146676602962375,0.048,0.00044146676602962374,可手动改 nominal_gap/sms_component/u_free/Cn/W_diag；改完运行 tools/rebuild_npz_from_manual_input.py 更新矩阵包
M06,5,200.0,20.0,900.0,0.05,-0.023,0.027000000000000003,0.00016,0.019,0.00044114756846944683,0.064,0.00041114756846944686,0.077,0.00039114756846944686,0.04,0.00043114756846944686,可手动改 nominal_gap/sms_component/u_free/Cn/W_diag；改完运行 tools/rebuild_npz_from_manual_input.py 更新矩阵包
M07,6,220.0,-20.0,900.0,0.05,-0.013,0.037000000000000005,0.00016,0.014,0.0004324816656092844,0.05,0.00040248166560928443,0.061,0.00038248166560928443,0.031,0.00042248166560928443,可手动改 nominal_gap/sms_component/u_free/Cn/W_diag；改完运行 tools/rebuild_npz_from_manual_input.py 更新矩阵包
M08,7,220.0,0.0,900.0,0.05,-0.026,0.024000000000000004,0.00016,0.017,0.00044114756846944683,0.058,0.00041114756846944686,0.07,0.00039114756846944686,0.037,0.00043114756846944686,可手动改 nominal_gap/sms_component/u_free/Cn/W_diag；改完运行 tools/rebuild_npz_from_manual_input.py 更新矩阵包
M09,8,220.0,20.0,900.0,0.05,-0.014,0.036000000000000004,0.00016,0.014,0.00043248166560928445,0.051,0.0004024816656092845,0.062,0.0003824816656092845,0.032,0.0004224816656092845,可手动改 nominal_gap/sms_component/u_free/Cn/W_diag；改完运行 tools/rebuild_npz_from_manual_input.py 更新矩阵包
