gap_field_id,contact_domain_id,sample_id,stage_id_or_initial,candidate_id,local_index,values_g,nominal_component,sms_component,pose_bias_component_optional,unit,sign_convention,source_sms_update_result_ids,reference_state_id,double_count_check_id
GAP_INITIAL_MANUAL_9PT,CD_G_RIB03_PANEL_L_MANUAL,SAMPLE_E1_MANUAL_9PT_001,INITIAL,M01,0,0.04,0.05,-0.01,0.0,mm,g>0 separation; g=0 contact; g<0 initial interference,SMSUPDATE_MANUAL_PANEL;SMSUPDATE_MANUAL_RIB,REF_SMS_UPDATED_MANUAL,DCC_MANUAL_PASS
GAP_INITIAL_MANUAL_9PT,CD_G_RIB03_PANEL_L_MANUAL,SAMPLE_E1_MANUAL_9PT_001,INITIAL,M02,1,0.035,0.05,-0.015,0.0,mm,g>0 separation; g=0 contact; g<0 initial interference,SMSUPDATE_MANUAL_PANEL;SMSUPDATE_MANUAL_RIB,REF_SMS_UPDATED_MANUAL,DCC_MANUAL_PASS
GAP_INITIAL_MANUAL_9PT,CD_G_RIB03_PANEL_L_MANUAL,SAMPLE_E1_MANUAL_9PT_001,INITIAL,M03,2,0.03900000000000001,0.05,-0.011,0.0,mm,g>0 separation; g=0 contact; g<0 initial interference,SMSUPDATE_MANUAL_PANEL;SMSUPDATE_MANUAL_RIB,REF_SMS_UPDATED_MANUAL,DCC_MANUAL_PASS
GAP_INITIAL_MANUAL_9PT,CD_G_RIB03_PANEL_L_MANUAL,SAMPLE_E1_MANUAL_9PT_001,INITIAL,M04,3,0.028000000000000004,0.05,-0.022,0.0,mm,g>0 separation; g=0 contact; g<0 initial interference,SMSUPDATE_MANUAL_PANEL;SMSUPDATE_MANUAL_RIB,REF_SMS_UPDATED_MANUAL,DCC_MANUAL_PASS
GAP_INITIAL_MANUAL_9PT,CD_G_RIB03_PANEL_L_MANUAL,SAMPLE_E1_MANUAL_9PT_001,INITIAL,M05,4,0.010000000000000002,0.05,-0.04,0.0,mm,g>0 separation; g=0 contact; g<0 initial interference,SMSUPDATE_MANUAL_PANEL;SMSUPDATE_MANUAL_RIB,REF_SMS_UPDATED_MANUAL,DCC_MANUAL_PASS
GAP_INITIAL_MANUAL_9PT,CD_G_RIB03_PANEL_L_MANUAL,SAMPLE_E1_MANUAL_9PT_001,INITIAL,M06,5,0.027000000000000003,0.05,-0.023,0.0,mm,g>0 separation; g=0 contact; g<0 initial interference,SMSUPDATE_MANUAL_PANEL;SMSUPDATE_MANUAL_RIB,REF_SMS_UPDATED_MANUAL,DCC_MANUAL_PASS
GAP_INITIAL_MANUAL_9PT,CD_G_RIB03_PANEL_L_MANUAL,SAMPLE_E1_MANUAL_9PT_001,INITIAL,M07,6,0.037000000000000005,0.05,-0.013,0.0,mm,g>0 separation; g=0 contact; g<0 initial interference,SMSUPDATE_MANUAL_PANEL;SMSUPDATE_MANUAL_RIB,REF_SMS_UPDATED_MANUAL,DCC_MANUAL_PASS
GAP_INITIAL_MANUAL_9PT,CD_G_RIB03_PANEL_L_MANUAL,SAMPLE_E1_MANUAL_9PT_001,INITIAL,M08,7,0.024000000000000004,0.05,-0.026,0.0,mm,g>0 separation; g=0 contact; g<0 initial interference,SMSUPDATE_MANUAL_PANEL;SMSUPDATE_MANUAL_RIB,REF_SMS_UPDATED_MANUAL,DCC_MANUAL_PASS
GAP_INITIAL_MANUAL_9PT,CD_G_RIB03_PANEL_L_MANUAL,SAMPLE_E1_MANUAL_9PT_001,INITIAL,M09,8,0.036000000000000004,0.05,-0.014,0.0,mm,g>0 separation; g=0 contact; g<0 initial interference,SMSUPDATE_MANUAL_PANEL;SMSUPDATE_MANUAL_RIB,REF_SMS_UPDATED_MANUAL,DCC_MANUAL_PASS
